{"cameraMode":{"drawMode":0,"name":"Shaded","section":"Shading Mode"},"sceneLighting":false,"audioPlay":false,"sceneViewState":{"m_AlwaysRefresh":false,"showFog":true,"showSkybox":false,"showFlares":true,"showImageEffects":true,"showParticleSystems":true,"showVisualEffectGraphs":true,"m_FxEnabled":true},"in2DMode":false,"pivot":{"x":-5.960464477539063e-8,"y":0.5400000214576721,"z":-0.00029177963733673096},"rotation":{"x":-0.1263856142759323,"y":0.8651903867721558,"z":-0.27220240235328677,"w":-0.4017263352870941},"size":0.6386992335319519,"orthographic":true}