{"cameraMode":{"drawMode":0,"name":"Shaded","section":"Shading Mode"},"sceneLighting":true,"audioPlay":false,"sceneViewState":{"m_AlwaysRefresh":false,"showFog":true,"showSkybox":true,"showFlares":true,"showImageEffects":true,"showParticleSystems":true,"showVisualEffectGraphs":true,"m_FxEnabled":true},"in2DMode":false,"pivot":{"x":-0.8975376486778259,"y":0.30182865262031557,"z":0.08876866102218628},"rotation":{"x":-0.005220203660428524,"y":0.9583142995834351,"z":-0.017548661679029466,"w":-0.28513672947883608},"size":0.4100469946861267,"orthographic":true}