{"cameraMode":{"drawMode":0,"name":"Shaded","section":"Shading Mode"},"sceneLighting":true,"audioPlay":false,"sceneViewState":{"m_AlwaysRefresh":false,"showFog":true,"showSkybox":true,"showFlares":true,"showImageEffects":true,"showParticleSystems":true,"showVisualEffectGraphs":true,"m_FxEnabled":true},"in2DMode":false,"pivot":{"x":-0.5559859871864319,"y":0.43313300609588625,"z":0.04145526885986328},"rotation":{"x":0.0002033744822256267,"y":0.9993482232093811,"z":0.005686720833182335,"w":-0.035690389573574069},"size":0.5220353603363037,"orthographic":true}