{"cameraMode":{"drawMode":0,"name":"Shaded","section":"Shading Mode"},"sceneLighting":true,"audioPlay":false,"sceneViewState":{"m_AlwaysRefresh":false,"showFog":true,"showSkybox":true,"showFlares":true,"showImageEffects":true,"showParticleSystems":true,"showVisualEffectGraphs":true,"m_FxEnabled":true},"in2DMode":false,"pivot":{"x":-0.8681535720825195,"y":0.3009004592895508,"z":-0.04117961972951889},"rotation":{"x":-0.09960123151540756,"y":0.8746559023857117,"z":-0.2032385915517807,"w":-0.42867231369018557},"size":0.20135612785816194,"orthographic":true}